web-scraper-order,web-scraper-start-url,vid_link,vid_link-href,description,title
"1606147686-1641","https://www.youtube.com/results?search_query=nafta+%2B+food","Diana Patterson","https://www.youtube.com/channel/UC2VRMhiRduh8tPgP4mAAwYw","",""
"1606147667-1633","https://www.youtube.com/results?search_query=nafta+%2B+food","1:12
Now playing","https://www.youtube.com/watch?v=Che-Qgtl87o","Click here for info - https://geni.us/Smoothie1

Free resources here https://ketowannabe.com/

The  smoothie mixes include different  blends of spinach, kale, avocado, bananas, pears, coconut milk, oranges, pineapple  pieces, honeydew melon, apples, and almond butter.

When you  load this much nutrition--  every one of these vitamins, minerals, all of the phytonutrients,  and also the flavonoids that are packed with  anti-oxidants-- into a single glass, it impacts you on a  mobile level,

This  boosts health  pens across the board.

The  healthy smoothies are also  loaded with fiber, which  boosts your digestion and  adds to healthier  fat burning.

 As well as they're full of high levels of vitamin C  as well as copper, which  help collagen production and tissue repair-it's  likewise what  will certainly  boost the quality of your skin tone.""

 And also, they're super  very easy to  absorb, which is why  lots of people  select the  fluid  morning meal over something like say, an egg white omelet.

Not  just do the nutrients in smoothies get to where they need to go  quicker,  yet drinking them for breakfast also gives your  gastrointestinal system some time off from breaking down  larger  entire foods.

That conserves energy your body can then use  somewhere else, without  giving up nutrients,","Detox Diet Plan Menu - Easy To  Comply With Diet"
"1606147575-1603","https://www.youtube.com/results?search_query=nafta+%2B+food","Kim Dong Hyun","https://www.youtube.com/channel/UCch585uq0hzbqszIXb0757w","",""
"1606147555-1597","https://www.youtube.com/results?search_query=nafta+%2B+food","View full playlist","https://www.youtube.com/playlist?list=PL0S7-I4HSo4uklTOXz8XDXmMiy2XD3bOb","","null"
"1606147664-1632","https://www.youtube.com/results?search_query=nafta+%2B+food","Rebecca Hagins","https://www.youtube.com/channel/UCNjKpi4DpWwaWTflOV0VE9Q","",""
"1606147547-1594","https://www.youtube.com/results?search_query=nafta+%2B+food","6:22
Now playing","https://www.youtube.com/watch?v=wRFAOw_oEvs","Canadian trade minister, Chrystia Freeland, was on the verge of tears when trade negotiations with EU broke down last October, so why do you suppose I have no confidence in reopening  NAFTA and our negotiators. 
Also who's interest will be at forefront for the US?  We will get screwed.
The other thing is the Liberal Carbon-tax...It's not just fuel prices that will go up, everything will since the cost increase will be passed on to consumers.  From taxi fares and public transit to schools and hospitals, airlines and box stores, everything will go up in price.  Hope your wages are keeping up, actually that isn't even enough, you should be ahead by a small amount of the rising costs.
Pissed off Canadian speaking out.","NAFTA Renegotiation to Carbon Tax and rising fuel prices, Canada is Screwed -  YouTube"
"1606147631-1619","https://www.youtube.com/results?search_query=nafta+%2B+food","Truthstream Media","https://www.youtube.com/user/TRUTHstreammedia","",""
"1606147694-1644","https://www.youtube.com/results?search_query=nafta+%2B+food","1:03
Now playing","https://www.youtube.com/watch?v=BJqpNVhKt7Y","Click here for more info - https://geni.us/CustomKetoQuiz

Free resources here https://ketowannabe.com/

Nutritional ketosis or simply ketosis is a  normally  taking place metabolic state where your body  makes use of ketones (fat) for  gas  as opposed to  sugar ( carbs).


It  occurs when the body burns up all its  carb stores. Or,  when it comes to ketogenic diet, the  carb  consumption is  really low. In both of these cases, the liver  transforms dietary fats and  fat into a fatty acid called ketone.



 Exactly How Ketosis Burns Fat


Insulin levels drop  throughout ketosis,  therefore releasing fats from your fat cells. As fats  load your liver,  most of it  ultimately  becomes ketones.


Your body will then be able to  utilize these ketones as a  gas  resource.  Usually, if the body  requires energy, it would always prioritize  carbs.   Nonetheless, if no  carbohydrates are present, it would burn ketones instead.","Keto Diet For Beginners Pdf - Easy To  Comply With Diet"
"1606147564-1600","https://www.youtube.com/results?search_query=nafta+%2B+food","68

Now playing","https://www.youtube.com/watch?v=w0Wmc8C0Eq0&list=PL0S7-I4HSo4uklTOXz8XDXmMiy2XD3bOb","From Prince Rurik to the Russian Revolution, this is a compilation of the first 5 episodes of Epic History TV's History of Russia. 

Visit our merch shop:
teespring.com/en-GB/stores/epic-histo...

Help me make more videos at Patreon: https://www.patreon.com/EpicHistoryTV...


Recommended general histories of Russia (as an Amazon Associate I earn from qualifying purchases):
Martin Sixsmith, Russia: A 1000 Year Chronicle of the Wild East http://geni.us/KJoobkg
Orlando Figes, Natasha's Dance: A Cultural History of Russia http://geni.us/g6Ue8k
Robert Service, The Penguin History of Modern Russia: From Tsarism to the Twenty-first Century http://geni.us/TgiI

#EpicHistoryTV #HistoryofRussia

Music:
Johnny de'Ath www.lemonadedrinkers.com
Filmstro https://www.filmstro.com/
Audio Blocks
Premium Beat

Kevin MacLeod https://incompetech.com/
'The Pyre'; 'Intrepid'; 'String Impromptu Number 1'; 'Brandenburg No.4'; 'All This'; 'Satiate Percussion'; 'The Descent'; 
Licensed under Creative Commons by Attribution CC BY-SA 3.0

A note on 'Ivan the Terrible' - in Russia, Ivan IV has the epithet 'Гро́зный' meaning 'Great' or 'Formidable'. So why is he known as Ivan 'the Terrible' in English? Because he was evil or useless or because of anti-Russian bias? No, because 'Terrible' in English also means awesome or formidable - this was well understood when 'Гро́зный' was first translated into English centuries ago, but now fewer people understand this. (see definitions 3 & 4 here: http://www.dictionary.com/browse/terr...). The name stuck, and Ivan IV has been known as Ivan the Terrible ever since.

Images:
Universitat Autonoma de Barcelona
State Tretyakov Gallery
Russian State Historical Museum
National Art Museum of Ukraine
Herodotus: Marie-Lan Nguyen, CC BY 2.5
St.Volodymr: Dar Veter, CC BY-SA 3.0
Polish-Lithuanian Flag: Olek Remesz, CC BY 2.5
Kremlin.ru
New York Public Library
Anne S.K. Brown Military Collection, Brown University Library
Stenka Razin with kind permission of Sergei Kirrilov
Winter Palace: Alex Florstein Fedorov CC BY-SA 4.0
Imperial Academy of Fine Arts: Alex Florstein Fedorov CC BY-SA 4.0
Ipatievsky Monastery: Michael Clarke CC BY-SA 4.0
Trans-Alaska Pipeline: Frank Kovalchek CC BY 2.0
Gallows: Adam Clarke CC BY-SA 2.0
Church of the Saviour exterior: NoPlayerUfa CC BY-SA 3.0
Church of the Saviour interior: Mannat Kaur CC BY-SA 3.0

Audio Mix and SFX:
Chris Whiteside
Rene Bridgman

Thanks to Mahdi for Persian captions.","History of Russia (PARTS 1-5) - Rurik to Revolution"
"1606147609-1612","https://www.youtube.com/results?search_query=nafta+%2B+food","173

Now playing","https://www.youtube.com/watch?v=XvWsIjrW9Ps&list=PLhMmcGNCf2SMH3O8G6L-XkEWKGbqfej6B","A poem by Laotian American poet Bryan Thao Worra from his travels in Laos, featured in the e-chapbook Touching Detonations. Bryan Thao Worra currently resides in the Twin Cities.","A Postcard To Luang Prabang"
"1606147599-1609","https://www.youtube.com/results?search_query=nafta+%2B+food","View full playlist","https://www.youtube.com/playlist?list=PLhMmcGNCf2SMH3O8G6L-XkEWKGbqfej6B","",""
"1606147736-1661","https://www.youtube.com/results?search_query=nafta+%2B+food","5:59
Now playing","https://www.youtube.com/watch?v=cGsKsZu1CSw","North American Free Trade Agreement atau yang biasanya sering disebut NAFTA merupakan organisasi kerjasama perdagangan bebas antara negara-negara di Amerika Utara yang beranggotakan Amerika Serikat, Canada, dan Mexico. 

KELOMPOK 16
ANGGOTA : 
Khorine Ridawati / 19 / XII IPS
Muhammad Ardiansyah /  24 / XII IPS

CREDIT :
Pandji Saputra, S.Pd - Guru Sejarah Peminatan
Muhammad Ardiansyah - Siswa
Khorine Ridawati - Siswa","SINGKAT PENJELASAN SEPUTAR NAFTA (NORTH AMERICAN FREE TRADE AGREEMENT)"
"1606147550-1595","https://www.youtube.com/results?search_query=nafta+%2B+food","Voluptua von Temptitillatrix","https://www.youtube.com/channel/UCZa0JNYCp6AROse88gLJQQw","",""
"1606147626-1618","https://www.youtube.com/results?search_query=nafta+%2B+food","6:15
Now playing","https://www.youtube.com/watch?v=3skUv-zh5jc","DON’T WAIT STOCK UP ON SURVIVAL FOOD NOW
http://www.preparewithacp.com/

All The Most Uo To Date News From The Media Outlet I Trust Most... Breitbart News 
( Not Affiliated With Breitbart News )

News Of The Day As Reported By A Real Live Human In The Real Live World... No Weak Text To Speech Here... 
M-F The ACP313 / Breitbart News Hour Starting At 11 am CST... That's 12 pm Eastern & 9 am Pacific
Sunday We Are Back At 11 am for The Sunday Morning Joe Show Again At 11 am CST

http://www.preparewithacp.com/

Please Support The Show... https://www.paypal.me/JoeWayne33
                                             Or 
C / O  Joey Wayne Suggs
6100 Spencer Hwy 
Pasadena, Tx 77508
P.O Box 5302

https://www.linkedin.com/in/joe-wayne...
https://policies.google.com/technolog...","Joe Biden Faces Backlash Over NAFTA Support Ahead of Michigan Primary"
"1606147701-1647","https://www.youtube.com/results?search_query=nafta+%2B+food","1:35
Now playing","https://www.youtube.com/watch?v=bevFdirNn60","Click here for info - https://geni.us/Smoothie4

Free resources here https://smoothiewannabe.com/

The  healthy smoothies include  various mixes of spinach, kale, avocado, bananas, pears, coconut milk, oranges, pineapple slices, honeydew melon, apples,  and also almond butter.

When you  load this much  nourishment-- all of these vitamins, minerals,  every one of the phytonutrients,  and also the flavonoids that are  loaded with antioxidants--  right into a  solitary glass, it  influences you on a  mobile level,

This improves health markers across the board.

The  shakes are  additionally packed with fiber, which  enhances your  food digestion  as well as contributes to  much healthier  weight-loss.

 And also they  have plenty of high  degrees of vitamin C  and also copper, which  help collagen production and  cells repair-it's also what will improve the quality of your skin tone.""

 And also, they're  incredibly easy to digest, which is why  most individuals  select the liquid breakfast over something like say, an egg white omelet.

Not only do the nutrients in  smoothie mixes get to where they  require to go  much faster, but drinking them for  morning meal  likewise  provides your digestive system  time off from breaking down heavier  entire foods.

That  saves energy your body can  after that use  in other places, without sacrificing nutrients,","Simple Diet To Follow For Weight Loss Weight - Easy To  Comply With Diet"
"1606147662-1631","https://www.youtube.com/results?search_query=nafta+%2B+food","7:24
Now playing","https://www.youtube.com/watch?v=DrMNuT555bE","","লাউ দিয়ে চিকেন রান্না করলাম। বিক্রম্পুরের রান্না বান্না 🥙🥙🥙Bangladeshi Vlogger Eity"
"1606147749-1666","https://www.youtube.com/results?search_query=nafta+%2B+food","0:10
Now playing","https://www.youtube.com/watch?v=66r9oYaaxFE","Roaming Food Truck App (RFT) shows app users the location of nearby food trucks.

(RTF) tracker allows food truck owners to add, change or update their location in real-time.

Food Truck Owners,  No need to plan.

Roam & update your location in your (RFT) account & watch the customers travel to your location.","Roaming Food Truck App"
"1606147651-1627","https://www.youtube.com/results?search_query=nafta+%2B+food","75 Cyusiisifru","https://www.youtube.com/channel/UCng05DlKnYFmvGyMPdWlqLw","",""
"1606147612-1613","https://www.youtube.com/results?search_query=nafta+%2B+food","notregme","https://www.youtube.com/user/notregme","",""
"1606147654-1628","https://www.youtube.com/results?search_query=nafta+%2B+food","10

Now playing","https://www.youtube.com/watch?v=_vA1tjAcFLI&list=PLn5GpRE0oygR_7wwCy2FLNTR5N-mF-ASx","","vẽ chim bồ câu"
"1606147691-1643","https://www.youtube.com/results?search_query=nafta+%2B+food","Mary Morgan","https://www.youtube.com/channel/UCYfI-Ee23Mp0O2s_1xbkD6A","",""
"1606147674-1636","https://www.youtube.com/results?search_query=nafta+%2B+food","0:31
Now playing","https://www.youtube.com/watch?v=uEceDZB8nto","Kraft Foods","Kraft Cheese - Sandwich Commercial 2009"
"1606147552-1596","https://www.youtube.com/results?search_query=nafta+%2B+food","11:56
Now playing","https://www.youtube.com/watch?v=Y44CmAEzjag","A short presentation by GURNAG - The Global Union of Reactionary Nationalists Against Globalism - on the exciting global investment opportunities now opening up in the emerging field of reactionary nationalism.

Ideal Corporate Conditions Created By NAFTA:
http://cepr.net/documents/nafta-20-ye...

Dangerous Economic Convergence Created By EU Single Market
https://www.kommers.se/Documents/doku...

How Hillary Clinton screwed the pooch in Honduras:
https://www.democracynow.org/2016/4/1...

EXPOSED!! The Suspiciously Lefty Roots Of Anti-Globalism! http://depts.washington.edu/wtohist/i...

Only disgusting crusty hippies oppose globalism in yucky PC interracial ways:
https://www.sierraclub.org/trade/oppo...

Thomas Sankara Thinks His Food Self-Sufficiency is Sooooo Great:
https://africa-facts.org/facts-about-...


For uncensored Alt-shite satire and to join the debate: https://www.bitchute.com/accounts/ref...","Voluptua von Temptitillatrix OBLITERATES Globalism Like NAFTA DID MEXICAN PEASANTS!!"
"1606147709-1650","https://www.youtube.com/results?search_query=nafta+%2B+food","William Seals","https://www.youtube.com/channel/UCF7-ya-54bn-O0ifazreR3g","",""
"1606147544-1593","https://www.youtube.com/results?search_query=nafta+%2B+food","JCVdude","https://www.youtube.com/user/JCVdude","",""
"1606147590-1607","https://www.youtube.com/results?search_query=nafta+%2B+food","GxbeLynchLIVE","https://www.youtube.com/channel/UCG5MCrIP8SrY7wTnGAPVGtA","null","null"
"1606147657-1629","https://www.youtube.com/results?search_query=nafta+%2B+food","11:39
Now playing","https://www.youtube.com/watch?v=gDrGOZfpz5I&t=1s","New Podcast Episode:
iTunes: https://itunes.apple.com/us/podcast/s...
SoundCloud: https://soundcloud.com/shaneandfriend...
NEW (VIDEO) PODCAST with conspiracy theories and trying acupuncture!
http://www.fullscreen.com
or on the APP STORE:
Fullscreen - You're In by Fullscreen, Inc.
https://appsto.re/us/22Tt2.i

Check out more videos of me tasting crazy foods here:
https://www.youtube.com/playlist?list...

Click here to watch ""IT GETS WORSE"" - SHORT FILM!
https://www.youtube.com/watch?v=TIMpp...

CLICK HERE to get my NEW BOOK ""It Gets Worse""!
https://www.amazon.com/Gets-Worse-Col...

My Links
My Other YouTube Channel - https://www.youtube.com/user/ShaneDaw...
Twitter - https://twitter.com/shanedawson
Facebook - https://www.facebook.com/shanedawsonfans
Snapchat - lolshanedawson
Music.ly - shanedawsonsucks
Vine - @shanedawson
Merch - http://shanedawson.spreadshirt.com/

Business Contact:
United Talent Agency
T: 310.273.6700","TASTING MEXICAN JUNK FOOD"
"1606147741-1663","https://www.youtube.com/results?search_query=nafta+%2B+food","4:11
Now playing","https://www.youtube.com/watch?v=tY6ENa6B1sc","There are worries that the UK will be pressured into accepting chlorinated chicken as part of a UK-US trade deal.

But what is chlorinated chicken? And why is it seen as a problem?

Chlorinated chicken is poultry meat that has been washed with chlorine.

After slaughter, the chickens are rinsed with an antimicrobial chlorine wash to protect consumers from food-borne diseases.

This is done to treat high levels of bacteria, a symptom of poor hygiene and low animal welfare conditions not allowed in UK farming.

The practice of chlorine washing chicken is banned in the UK, but it is common practice in the US poultry industry.

Discover everything you need to know about chlorinated chicken below.

For more information see the Soil Association at

https://www.soilassociation.org/cause...","Chlorinated Chicken, Farmers and Trade Deals"
"1606147744-1664","https://www.youtube.com/results?search_query=nafta+%2B+food","DTI7 Digital","https://www.youtube.com/channel/UCPuMAux96e0-yl9v1Ep-u8w","",""
"1606147677-1637","https://www.youtube.com/results?search_query=nafta+%2B+food","Tony Whiting","https://www.youtube.com/channel/UCzKtuZNoxjZZ2o4O-zgrdmQ","",""
"1606147541-1592","https://www.youtube.com/results?search_query=nafta+%2B+food","14:36
Now playing","https://www.youtube.com/watch?v=3wEJx5poZ0s","Link to article: https://nypost.com/2020/11/20/makers-...","The Fast Food Corporations and Human Meat being created in labs."
"1606147595-1608","https://www.youtube.com/results?search_query=nafta+%2B+food","4.6K

Now playing","https://www.youtube.com/watch?v=IZzmsmMVWJo&list=PLl5plWGqSR-lfgHWEMRtgPTdllLKdldrm","How to Play Nintendo Games 64 on PC Tutorial presented by Yes Guy Gaming. Replay all the great games from the N64 with this Nintendo 64 Emulator tutorial. In a few minutes you'll be able to play any of your favourite Nintendo 64 games on your PC computer. 

Step 1: Download and Install Nintendo 64 Emulator
Link: http://www.emulator-zone.com/doc.php/...

Step 2: Download ROM's (Game Files)
Link: http://www.emuparadise.me/Nintendo_64...

Step 3: Download and Install Win-Rar
Link: http://www.win-rar.com/download.html?...

Step 4: Extract ROM files 

Step 5: Open N64 Emulator and find ROM files in directory

Step 6: Play!

Thank you for watching ""How to Play Nintendo 64 on PC Tutorial"", I hope this video helped! Check out some of Yes Guy Gaming's Video Game Reviews including some on games for the Nintendo 64 here: https://www.youtube.com/channel/UCwLy...


How to Play Nintendo 64 Games on PC Tutorial  [N64 Emulator]","How to Play Nintendo 64 Games on PC Tutorial  [N64 Emulator]"
"1606147619-1615","https://www.youtube.com/results?search_query=nafta+%2B+food","KSAT 12","https://www.youtube.com/channel/UCETE4rKzRRjqM0JaB7TlPpQ","null","null"
"1606147699-1646","https://www.youtube.com/results?search_query=nafta+%2B+food","Mary Taylor","https://www.youtube.com/channel/UC0INHoe2USi0kQkomV8rvrQ","",""
"1606147696-1645","https://www.youtube.com/results?search_query=nafta+%2B+food","2:20
Now playing","https://www.youtube.com/watch?v=lzgZw_XKop8","Click here for info - https://geni.us/Smoothie1

Free resources here https://smoothiewannabe.com/

Carrots may not be the first thing that spring to mind when you toy with the  concept of making a smoothie, but a carrot  shake is something you  ought to  certainly try.

Carrots have a  slightly  wonderful flavour that  matches  various other  smoothie mix  faves such as coconut and banana and surprisingly well with berries.

If you  desire a  wonderful  sampling  smoothie mix without all the fruit, then these are for you.

 It is not necessary to  prepare the carrots.  I much  like to use them raw, not only  due to the fact that you lose nutrients  via cooking, but also because I think they are sweeter raw. If you have a powerful  mixer chop them  right into  little dice  after that  allow the blender do the  remainder.  Or else  simply grate the carrots.

Carrot Cake Smoothie

Ingredients

1 frozen banana,  cut
1 cup diced carrots
1 tablespoon shredded coconut
1 tablespoon cashew butter
1/2 cup vanilla yogurt
1  mug almond milk
1/4  tsp ground cinnamon
Pinch ground ginger
Pinch ground nutmeg
2  matched Medjool dates

How to Make

Peel  as well as  slice your carrots  right into small dice.  Include in your  blender or food processor  together with the  icy banana, shredded coconut, cashew butter, vanilla yogurt, almond milk, ground cinnamon, ground ginger, ground nutmeg and chopped Medjool dates. Blitz on high  up until everything is  mixed and your  healthy smoothie is thick  as well as velvety.

Pour into two glasses  and also  leading either with chopped nuts or toasted coconut.

Smoothie Diet Plan

Carrots  might not be the first thing that spring to mind when you  dabble the  concept of making a  healthy smoothie, but a carrot  healthy smoothie is something you should definitely  attempt.

Carrots have a  gently  pleasant flavor that  complements other  healthy smoothie  faves such as coconut  and also banana  and also  remarkably well with berries.

If you  desire a  wonderful tasting  healthy smoothie without all the fruit,  after that these are for you.

 It is not  required to cook the carrots first.  I  a lot prefer to  utilize them raw, not  just because you  shed nutrients through  food preparation,  however  likewise  since I  assume they are sweeter raw. If you have a  effective  mixer  cut them  right into  little dice  after that  allow the  mixer do the rest. Otherwise  simply grate the carrots.

Carrot Cake  Smoothie Mix

 Active ingredients

1 frozen banana,  cut
1  cp. diced carrots
1 tablespoon shredded coconut
1  tbsp cashew butter
1/2 cup vanilla yogurt
1  cp. almond milk
1/4  tsp ground cinnamon
Pinch ground ginger
Pinch ground nutmeg
2 pitted Medjool dates

 Exactly how to Make

Peel  and also  slice your carrots into small dice.  Contribute to your  mixer along with the  icy banana, shredded coconut, cashew butter, vanilla yogurt, almond milk, ground cinnamon, ground ginger, ground nutmeg and  cut Medjool  days.  Strike  over  till everything is  blended  and also your  smoothie mix is thick  as well as  creamy.

Pour into  2 glasses  and also  leading either with chopped nuts or toasted coconut.

Smoothie Diet Plan

Smoothie Diet Plan","Smoothie Diet Plan - Easy To  Comply With Diet"
"1606147684-1640","https://www.youtube.com/results?search_query=nafta+%2B+food","1:10
Now playing","https://www.youtube.com/watch?v=_xpS8YnR3i4","Click here for more info - https://geni.us/CustomKeto2

Free resources https://ketowannabe.com/

Ketogenic Diet For Beginners

Benefits of a Keto diet:

Reduce  blood glucose and insulin:

We have discussed  over that having a Keto diet  does not encourage the  manufacturing of blood sugar and insulin. Keto diet consists of low  carb diet  prepares that  minimize the  blood sugar level and insulin to the noticeable levels, which  decreases the  manufacturing of fat in your body.



 Minimized Triglycerides:

Not only  lowering the blood sugar and insulin, but the Keto diet  additionally  Decreases Triglycerides that can cause  heart problem. It  diminishes the  opportunities that you will  obtain  cardiovascular disease. In the working of Keto diet  due to the fact that it  sheds the fat to  generate  power, which in return  reduces the number of Triglycerides.



Improved  EXCELLENT Cholesterol:

When you  consume  even more  processed food, it increases the cholesterol in your body. This improved cholesterol  develops in your arteries  as well as makes them  slim. It causes atherosclerosis, which is a severe type of heart disease.


Keto diet  includes the diet plan that can  assist you decrease cholesterol and  raise the amount of good cholesterol in your body.

Ketogenic Diet For Beginners","Ketogenic Diet For Beginners - Easy To  Comply With Diet"
"1606147639-1622","https://www.youtube.com/results?search_query=nafta+%2B+food","7:56
Now playing","https://www.youtube.com/watch?v=R8tqmXjkaKU","This video explores the current NAFTA agreement - how it formed, who's involved, and the impact it has had on Canada","NAFTA"
"1606147706-1649","https://www.youtube.com/results?search_query=nafta+%2B+food","2:10
Now playing","https://www.youtube.com/watch?v=gG3DVdlI7TQ","Click here for info - https://geni.us/Smoothie4

Free resources here https://smoothiewannabe.com/

Carrots may not be the first thing that  occur when you  dabble the idea of making a  healthy smoothie,  however a carrot  smoothie mix is something you  ought to  most definitely  attempt.

Carrots have a  gently sweet flavour that  matches other smoothie  faves such as coconut  as well as banana and  remarkably well with berries.

If you want a  wonderful tasting  healthy smoothie without all the fruit, then these are for you.

 It is not  needed to cook the carrots.  I much  like to use them raw, not only  due to the fact that you lose nutrients  via  food preparation,  however  likewise  due to the fact that I  believe they are sweeter raw. If you have a powerful  mixer chop them into  tiny dice then let the blender do the rest. Otherwise just grate the carrots.

Carrot Cake Smoothie

Ingredients

1  icy banana, sliced
1 cup diced carrots
1  tbsp shredded coconut
1 tablespoon cashew butter
1/2  mug vanilla yogurt
1 cup almond milk
1/4 teaspoon ground cinnamon
Pinch ground ginger
Pinch ground nutmeg
2  matched Medjool dates

How to Make

Peel  as well as  cut your carrots  right into small dice.  Contribute to your  blender or food processor  in addition to the  icy banana, shredded coconut, cashew butter, vanilla yogurt, almond milk, ground cinnamon, ground ginger, ground nutmeg  as well as chopped Medjool dates. Blitz  over  till  every little thing is pureed  as well as your  healthy smoothie is thick and velvety.

Pour into  2 glasses  as well as top either with  cut nuts or toasted coconut.

Smoothie Diet Program

Carrots may not be the first thing that  occur when you toy with the  concept of making a smoothie,  however a carrot smoothie is something you  ought to  certainly  attempt.

Carrots have a  slightly  pleasant flavor that  complements other  shake favorites such as coconut  and also banana  as well as surprisingly well with berries.

If you want a  pleasant tasting  shake without all the fruit,  after that these are for you.

 It is not  needed to  prepare the carrots.  I much  favor to  utilize them raw, not  just  due to the fact that you  shed nutrients  via  food preparation,  yet  additionally  since I  assume they are sweeter raw. If you have a powerful blender  slice them into  little dice  after that let the blender do the  remainder.  Or else  simply grate the carrots.

Carrot Cake  Healthy Smoothie

Ingredients

1 frozen banana,  cut
1  cp. diced carrots
1 tablespoon shredded coconut
1 tablespoon cashew butter
1/2 cup vanilla yogurt
1  cp. almond milk
1/4 teaspoon ground cinnamon
Pinch ground ginger
Pinch ground nutmeg
2 pitted Medjool dates

How to Make

Peel  and also  cut your carrots  right into  tiny dice. Add to your blender  in addition to the frozen banana, shredded coconut, cashew butter, vanilla yogurt, almond milk, ground cinnamon, ground ginger, ground nutmeg  as well as  cut Medjool dates.  Strike on high  till  every little thing is  mixed and your  smoothie mix is thick  as well as velvety.

Pour into  2 glasses and  leading either with  cut nuts or toasted coconut.

Smoothie Diet Program

Smoothie Diet Program","Smoothie Diet Program - Easy To  Comply With Diet"
"1606147561-1599","https://www.youtube.com/results?search_query=nafta+%2B+food","I. Ravnanger","https://www.youtube.com/channel/UCrBL33YRBRK43vMPl2HxR1w","",""
"1606147682-1639","https://www.youtube.com/results?search_query=nafta+%2B+food","Jamie Cummings","https://www.youtube.com/channel/UCRpHSXFAcw11cVTWlZPWv1g","",""
"1606147588-1606","https://www.youtube.com/results?search_query=nafta+%2B+food","moron impostor tries to kill us all","https://www.youtube.com/watch?v=XINu2KEWrB4&list=PLl5plWGqSR-lfgHWEMRtgPTdllLKdldrm","This is the best game right now, no doubts.

➭Gamers:
@JOKO  (purple)
@Noah Hugbox  (light blue)
@69Sam420  (aqua)
@Toby on the Tele  (pink)
@UndrscrMason  (orange)
@Junky Janker  (green)
@traves  (light green)
@BYZE  (yellow)
@bordie  (magenta)
@Sneegsnag  (yellow 2)
@boofdelivery  (salmon)
@Kryoz  (bright blue)
@SwaggerSouls  (blue)

➭Discord: https://discord.gg/cscoop
➭Twitter: https://twitter.com/cscoop
➭INSTA: https://www.instagram.com/cscoop
➭Twitch:  https://www.twitch.tv/cscoop

➭INTRO ART BY dfncy:
https://www.youtube.com/c/dfncy

➭ thumbnail drawing by: 
http://twitter.com/goobysart

➭Outro Music by Xavi: 
https://soundcloud.com/xavimakesmusic

➭Music used: 
Outcry² - ☆STAR☆
xavi - your struggle is also mine","moron impostor tries to kill us all"
"1606147636-1621","https://www.youtube.com/results?search_query=nafta+%2B+food","Jason Richea","https://www.youtube.com/user/jrichea","",""
"1606147568-1601","https://www.youtube.com/results?search_query=nafta+%2B+food","View full playlist","https://www.youtube.com/playlist?list=PLUfntSYT7kPEOfmhAw7NG-rRRRv4HQU8W","",""
"1606147643-1624","https://www.youtube.com/results?search_query=nafta+%2B+food","2:12
Now playing","https://www.youtube.com/watch?v=rmUS7oKpcc8&t=1s","Drama / Road Movie / El retrato de una madre que trabaja como camarera mientras trata de encontrar tiempo para sus dos hijas adolescentes en una pequeña y desértica ciudad de Nuevo México supuso el aclamado debut de Allison Anders como uno de los mejores títulos del cine independiente americano de los primeros años noventa, una brillante radiografía del alma de tres mujeres en la América profunda. Reparto: Brooke Adams,  Ione Skye,  Fairuza Balk,  James Brolin,  Robert Knepper,  David Landsbury,  Jacob Vargas,  Donovan Leitch.","Gas Food Lodging Trailer"
"1606147726-1657","https://www.youtube.com/results?search_query=nafta+%2B+food","11

Now playing","https://www.youtube.com/watch?v=_vA1tjAcFLI&list=PLNAdfSuktCxzV9cNeZmkNrnbQFJvn73hT","","03-08-2020"
"1606147659-1630","https://www.youtube.com/results?search_query=nafta+%2B+food","Bangladeshi Vlogger Eity","https://www.youtube.com/channel/UCAwyxAyfFeRWbWHIoaYs0tw","",""
"1606147713-1652","https://www.youtube.com/results?search_query=nafta+%2B+food","Maa Cure Studio","https://www.youtube.com/channel/UCG3V0YjkHDs0wref3N9xtNQ","",""
"1606147733-1660","https://www.youtube.com/results?search_query=nafta+%2B+food","Sostrapps 21","https://www.youtube.com/channel/UClkstAVMmYD_i1wLHOEaAtQ","",""
"1606147621-1616","https://www.youtube.com/results?search_query=nafta+%2B+food","1:41:34
Now playing","https://www.youtube.com/watch?v=EW78OFvTSIY","The KSAT 12 News Team provides a look at local, regional, statewide and national news events and the latest information on local traffic and weather issues.","Good Morning San Antonio : Nov 17, 2020"
"1606147624-1617","https://www.youtube.com/results?search_query=nafta+%2B+food","The AntiCoIntelPro Show","https://www.youtube.com/user/AntiCointelProShow","",""
"1606147633-1620","https://www.youtube.com/results?search_query=nafta+%2B+food","19:05
Now playing","https://www.youtube.com/watch?v=u59naOWGIL4","If we are forced to eat food unfit for consumption, and are to be only passive consumers following the trends, then we are slaves, and so are our brethren. 

Please help support us on Patreon, read our goals here: https://www.patreon.com/truthstreammedia

Truthstream Can Be Found Here:
Our Film: TheMindsofMen.net
Site: http://TruthstreamMedia.com
Twitter: @TruthstreamNews
DONATE: http://bit.ly/2aTBeeF
Newsletter: http://eepurl.com/bbxcWX
~*~*~*~*~*~*~*~*~*~*~*~*~*~*~*­~*~*~*~*~

Copyright Disclaimer Under Section 107 of the Copyright Act 1976, allowance is made for ""fair use"" for purposes such as criticism, comment, news reporting, teaching, scholarship, and research. Fair use is a use permitted by copyright statute that might otherwise be infringing. Non-profit, educational or personal use tips the balance in favor of fair use.","People Can’t See How Enslaving NAFTA Really Is"
"1606147739-1662","https://www.youtube.com/results?search_query=nafta+%2B+food","UK Food Standards, Supply and Safety","https://www.youtube.com/user/foodpolicy1","",""
"1606147646-1625","https://www.youtube.com/results?search_query=nafta+%2B+food","View full playlist","https://www.youtube.com/playlist?list=PLn5GpRE0oygR_7wwCy2FLNTR5N-mF-ASx","Nastya and Stacy change toys for sweets,Nastya and Stacy exchange toys for sweets,Nastya and Stacy open huge eggs with surprises and toys,Stacy plays as a candy seller,Nastya and dad play with lego toys,Stacy bought new dolls in the toy store,Nastya does good deeds all day,Настя и Стейси играют со съедобной косметикой,Nastya and Stacy learn to use cosmetics,Stacy and Nastya vie for surprises and toys,Nastya and dad - stories about ice cream and sweets,Nastya and Stacy are trying to become best friends.,Nastya and Stacy found new toys and dolls - princesses,Nastya and Stacy play in a fun challenge,Nastya playing in the playhouse of Peppa toy in the amusement park,Stacy prepares healthy food for dad,Nastya and dad play at school,Stacy and her friend pretend play a beauty contest,Stacy and Maggie - New Toys for Princesses,Nastya - Hurry to School - A Song For Kids,Stacy collects candy for Halloween,Stacy is changing her profession,Stacy and Dad Have strange Dreams,Nastya pretending to play a cop,",""
"1606147558-1598","https://www.youtube.com/results?search_query=nafta+%2B+food","ПРОЩАНИЕ СЛАВЯНКИ. Замечательное исполнение, хорошие слова.","https://www.youtube.com/watch?v=5tPSyXe5rd4&list=PL0S7-I4HSo4uklTOXz8XDXmMiy2XD3bOb","“Farewell of Slavianka”
Musik by Vasily Agapkin (1912)
Lyrics by Gennady Venediktov (2016)
Performed by Dasha Zitkova.

Text both in Russian and in English:
https://www.stihi.ru/avtor/lafayette","“Farewell of Slavianka”. Wonderful performance, new lyrics."
"1606147718-1654","https://www.youtube.com/results?search_query=nafta+%2B+food","View full playlist","https://www.youtube.com/playlist?list=PLNAdfSuktCxzV9cNeZmkNrnbQFJvn73hT","Настя играет в магазин мороженого,Stacy pretend play with ice cream shop,Nastya and dad - stories about ice cream and sweets,Nastya and the story about Ice Cream and Lemonade,Nastya and the stories about Ice Cream,Nastya and dad play with lego toys,Stacy plays an ice cream shop,Настя и папа играют в магазин,Nastya and dad play at school,Nastya prepares ice cream and a milkshake for dad,Nastya and Artem make ice cream ناستيا و بابا يحضِّران الآيس كريم,Nastya and Mia pretend play cooking fruit ice cream | fingen jugar cocinando helado de frutas,Nastya and papa playing at a magic toy,Nastya makes healthy popsicles at home,Nastya and dad open presents for Christmas,Stacy and kid&#39;s fruit song,Hadil Pretend Play Selling SAND Ice Cream Toy Shop,Eva pretends to be a princess and plays in a real ice cream shop,Nastya plays hide and seek with funny dolls,Stacy turned into an evil princess,Nastya and dad make a giant multi-colored slime,ستايسي وأبي أغنية الفاكهة للأطفال,Настя играет в магазин и устраивает пикник с куклами,Nastya got a strange nanny,Nastya and Artem pretend to play car wash and eat not healthy food,Nastya and dad are going to swim in the pool,Nastya and funny Collection of New Stories for Kids,Ksysha pretend play makes and selling ice cream,The Floor is Lava - story by Nastya and dad,Baby doll Ice cream surprise car and Play doh IceCream shop play,Nastya and dad - jokes with sweets,Nastya bermain sebagai penjual es krim,Stacy pretend play with princesses dolls,Nastya and children&#39;s stories about play with dad,Nastya pretends to play with huge toys,Stacy prepares healthy food for dad,Stacy and dad pretend play with surprises and toys,Nastya does good deeds all day,Nastya chooses to work by profession,Esma and Asya with Cute Ice Cream Shop,Настя и папа играют в магазин игрушек и отель,Nastya chooses a new pet,Настя и мама играют в продавца мороженого  ice cream shop,",""
"1606147716-1653","https://www.youtube.com/results?search_query=nafta+%2B+food","2:01
Now playing","https://www.youtube.com/watch?v=mHH6q-C3TFQ","More information Gujrat 
surat
Baroda,Pune Banglore usa canada
mumbai
Ahemdabad 
919510301039","pesuticides chemicals removed from our foods using kangen 11.5 ph water"
"1606147711-1651","https://www.youtube.com/results?search_query=nafta+%2B+food","2:05
Now playing","https://www.youtube.com/watch?v=a5PeGr-RMto","Click here for info - https://geni.us/Smoothie2

Free resources here https://www.yogageniclife.com/ketodiet

Carrots may not be the first thing that  occur when you  dabble the  suggestion of making a  smoothie mix, but a carrot  healthy smoothie is something you  must definitely try.

Carrots have a mildly sweet flavour that  matches other  shake  faves such as coconut  and also banana and surprisingly well with berries.

If you want a sweet  sampling  smoothie mix without all the fruit,  after that these are for you.

 It is not  required to  prepare the carrots.  I  a lot  like to use them raw, not only because you lose nutrients  with  food preparation,  however also  due to the fact that I  assume they are sweeter raw. If you have a  effective  mixer  slice them  right into  tiny dice  after that let the  blender or food processor do the  remainder. Otherwise  simply grate the carrots.

Carrot Cake  Healthy Smoothie

 Active ingredients

1  icy banana,  cut
1 cup diced carrots
1  tbsp shredded coconut
1  tbsp cashew butter
1/2 cup vanilla yogurt
1 cup almond milk
1/4  tsp ground cinnamon
Pinch ground ginger
Pinch ground nutmeg
2 pitted Medjool  days

 Exactly how to Make

Peel and chop your carrots  right into small dice.  Include in your  blender or food processor along with the  icy banana, shredded coconut, cashew butter, vanilla yogurt, almond milk, ground cinnamon, ground ginger, ground nutmeg and  cut Medjool dates.  Strike on high  till everything is  mixed  and also your  healthy smoothie is thick  as well as  silky.

Pour into  2 glasses  as well as top either with  sliced nuts or toasted coconut.

Smoothie Diet Plan 7 Day

Carrots  might not be the first thing that  come to mind when you  dabble the  concept of making a  healthy smoothie, but a carrot  smoothie mix is something you  ought to  certainly try.

Carrots have a  slightly  pleasant flavor that  matches  various other  shake favorites such as coconut  and also banana  as well as surprisingly well with berries.

If you  desire a  wonderful  sampling  shake without all the fruit,  after that these are for you.

 It is not  essential to  prepare the carrots  initially.  I  a lot prefer to  utilize them raw, not only because you lose nutrients  via  food preparation,  yet also  since I  assume they are sweeter raw. If you have a powerful  blender or food processor  cut them into small dice  after that  allow the  blender or food processor do the rest. Otherwise  simply grate the carrots.

Carrot Cake  Healthy Smoothie

 Active ingredients

1  icy banana, sliced
1  cp. diced carrots
1  tbsp shredded coconut
1  tbsp cashew butter
1/2 cup vanilla yogurt
1 cup almond milk
1/4  tsp ground cinnamon
Pinch ground ginger
Pinch ground nutmeg
2 pitted Medjool dates

How to Make

Peel  and also  slice your carrots into  little dice. Add to your  mixer  in addition to the  icy banana, shredded coconut, cashew butter, vanilla yogurt, almond milk, ground cinnamon, ground ginger, ground nutmeg and chopped Medjool dates. Blitz  above  up until everything is pureed  as well as your  smoothie mix is thick  as well as  silky.

Pour into two glasses and  leading either with  cut nuts or toasted coconut.

Smoothie Diet Plan 7 Day

Smoothie Diet Plan 7 Day","Smoothie Diet Plan 7 Day - Easy To  Comply With Diet"
"1606147641-1623","https://www.youtube.com/results?search_query=nafta+%2B+food","sonysloba","https://www.youtube.com/user/sonysloba","",""
"1606147615-1614","https://www.youtube.com/results?search_query=nafta+%2B+food","59:43
Now playing","https://www.youtube.com/watch?v=RyHITlVE6e8","Here is the new channel https://youtu.be/QdUi2oYa-og Please join me . Thanks 

If you would like to donate click the link below thanks

https://www.paypal.com/cgi-bin/webscr...

https://notregme2.wixsite.com/mysite


If you would like to create your own Patreon page here is my referal link.
https://patreon.com/invite/vnbjvo I will receive commission   if you sign up threw me.
Thanks .

If you would like to become a Patreon ,here is my link .Thanks.
https://www.patreon.com/notregme

https://steemit.com/@notregme

https://www.bigstockphoto.com/search/...

Teepublic tee shirts get yours now!
http://tee.pub/lic/JtZfrT5Id94 

http://tee.pub/lic/3e2b4rJyieU 

Bitcoin ext  13mzw4KeMyrqmYN7oLSJyisKzxVF3jiByf


http://notregme.blogspot.ca/2017/08/k...","NAFTA is bad for Canada."
"1606147746-1665","https://www.youtube.com/results?search_query=nafta+%2B+food","2:11:13
Now playing","https://www.youtube.com/watch?v=5IjCCuS8ERE","Learn the do's and don'ts of food preservation, the hazards that can affect your food, and of course how to safely preserve food, through DTI Region 7's webinar! Stay tuned!","Consumer Welfare Month | Food Safety for Food Deliveries"
"1606147672-1635","https://www.youtube.com/results?search_query=nafta+%2B+food","Robert T. Pearson - Canada / Worldwide","https://www.youtube.com/channel/UCQiH1mj-X_2R5PddylF82pw","",""
"1606147751-1667","https://www.youtube.com/results?search_query=nafta+%2B+food","কি খাবেন ফাস্টফুড What To Eat Fast-food","https://www.youtube.com/channel/UCqpIadUa18Mcsba8Ir2PdWw","",""
"1606147731-1659","https://www.youtube.com/results?search_query=nafta+%2B+food","1:28
Now playing","https://www.youtube.com/watch?v=xLy-4cjCjyg","Click here for info - https://geni.us/Smoothie2

Free resources here https://ketowannabe.com/

The  healthy smoothies  consist of different mixes of spinach, kale, avocado, bananas, pears, coconut milk, oranges, pineapple  pieces, honeydew melon, apples,  and also almond butter.

When you pack this much nutrition--  every one of these vitamins, minerals, all of the phytonutrients,  as well as the flavonoids that are  loaded with  anti-oxidants--  right into a single glass, it  affects you on a cellular  degree,

This improves health  pens across the board.

The  smoothie mixes are  likewise packed with fiber, which improves your digestion and contributes to healthier  weight-loss.

 And also they're full of high  degrees of vitamin C  as well as copper, which aid collagen production  as well as tissue repair-it's  additionally what  will certainly improve the  high quality of your  complexion.""

 And also, they're super  simple to digest, which is why most people  select the liquid breakfast over something like say, an egg white omelet.

Not only do the nutrients in  smoothie mixes  reach where they need to go faster, but drinking them for breakfast also  provides your  digestion system  a long time off from breaking down  much heavier  entire foods.

That  saves energy your body can  after that  make use of  in other places, without  compromising nutrients,","Simple Diet To Follow To Lose Weight Fast Lose - Easy To  Comply With Diet"
"1606147679-1638","https://www.youtube.com/results?search_query=nafta+%2B+food","1:17
Now playing","https://www.youtube.com/watch?v=mxfLK5jTNPM","Click here for more info - https://geni.us/CustomKetoQuiz2

Free resources https://ketowannabe.com/

Ketogenic Diet For Beginners Book

 Advantages of a Keto diet:

 Decrease blood sugar  and also insulin:

We  have actually discussed above that having a Keto diet doesn't  motivate the  manufacturing of  blood sugar level and insulin. Keto diet  contains low  carb diet  intends that reduce the  blood sugar level and insulin to the noticeable levels, which  lowers the  manufacturing of fat in your body.



Reduced Triglycerides:

Not only reducing the  blood glucose  as well as insulin, but the Keto diet  additionally  Minimizes Triglycerides that can  trigger  cardiovascular disease. It  diminishes the  possibilities that you will get heart diseases. In the working of Keto diet because it burns the fat to  create  power, which in return decreases the number of Triglycerides.



 Enhanced GOOD Cholesterol:

When you eat more junk food, it  raises the cholesterol in your body. This  better cholesterol  develops in your arteries and makes them narrow. It  creates atherosclerosis, which is a severe  kind of heart disease.


Keto diet  includes the diet plan that can help you decrease cholesterol and  enhance the amount of good cholesterol in your body.

Ketogenic Diet For Beginners Book","Ketogenic Diet For Beginners Book - Easy To  Comply With Diet"
"1606147670-1634","https://www.youtube.com/results?search_query=nafta+%2B+food","2:58:10
Now playing","https://www.youtube.com/watch?v=GDJfa2cGGes","CBC News Network's coverage of the new agreement, called the USMCA, coming out of NAFTA negotiations.

Read more here: http://www.cbc.ca/1.4845103

»»» Subscribe to CBC News to watch more videos: http://bit.ly/1RreYWS

Connect with CBC News Online:

For breaking news, video, audio and in-depth coverage: http://bit.ly/1Z0m6iX
Find CBC News on Facebook: http://bit.ly/1WjG36m
Follow CBC News on Twitter: http://bit.ly/1sA5P9H
For breaking news on Twitter: http://bit.ly/1WjDyks
Follow CBC News on Instagram: http://bit.ly/1Z0iE7O

Download the CBC News app for iOS: http://apple.co/25mpsUz
Download the CBC News app for Android: http://bit.ly/1XxuozZ

»»»»»»»»»»»»»»»»»»
For more than 75 years, CBC News has been the source Canadians turn to, to keep them informed about their communities, their country and their world. Through regional and national programming on multiple platforms, including CBC Television, CBC News Network, CBC Radio, CBCNews.ca, mobile and on-demand, CBC News and its internationally recognized team of award-winning journalists deliver the breaking stories, the issues, the analyses and the personalities that matter to Canadians.","NAFTA to USMCA | Special coverage of the U.S.-Mexico-Canada Agreement"
"1606147538-1591","https://www.youtube.com/results?search_query=nafta+%2B+food","Pure War 100","https://www.youtube.com/channel/UCM2rsMA1uq87uZIVD-5t--w","",""
"1606147579-1604","https://www.youtube.com/results?search_query=nafta+%2B+food","513

Now playing","https://www.youtube.com/watch?v=2xWkATdMQms&list=PLUfntSYT7kPEOfmhAw7NG-rRRRv4HQU8W","""WHOOPTY"" Official Music Video 
(Prod. Pxcoyo) 
Directed By : RingRingVisuals
Song Available On All Streaming Platforms!!

Tidal: https://tidal.com/browse/album/152745132
Apple Music: https://music.apple.com/bh/album/whoo...
Spotify: https://open.spotify.com/album/3ammnT...
iHeart Radio: https://www.iheart.com/artist/cj-6736...

Follow CJ On Social Media
IG: Realcj_
Facebook: Real CJ
Twitter: Youwatchincj

LYRICS:

Loyalty over royalty, 
y'all niggas know the vibes 
(Pxcoyo killed this beat, bitch)

(Chorus) 
Whoopty 
Bitch, I'm outside it's a movie 
Blue cheese 
I swear I'm addicted to blue cheese 
I gotta stick to this paper-like loose leaf 
Bitch, I'm 'bout my chicken like it's a two-piece 
You can have your bitch back, she a groupie 
She just swallowed all my kids in the two-seat 
Swagged out 
For Milly, we bringing them gats out 
I still got some racks stuffed in the trap house 
Off the 42, I'm blowing her back out 
I'm back on my bullshit 
Swing back with a full clip 
They say I'm moving ruthless 
And my shooters, they shooting 
I don't shake 'til they roof criss 

I get the breesh, then it's adiós 
If I'm with your treesh then she's giving throat 
When I see police, then we getting low 
That's another piece, that's another Zoe 
Ice in the VV's, now she's down to get treeshy 
I got all this water on me, like Fiji 
Bitch, I'm posted up with Hats and the Sleezys 
Smokin' the Zaza, it goes straight to the māthā 
Then I'm uppin' the choppa 
I'm hittin' the cha-cha, open his lata 
Then he dancin' bachata 

Smokin' the Zaza, it goes straight to the māthā 
Then I'm uppin' the choppa
I'm hittin' the cha-cha, then I open his lata 
Then he dancin' bachata

(Chorus) 
Whoopty 
Bitch, I'm outside it's a movie 
Blue cheese 
I swear I'm addicted to blue cheese 
I gotta stick to this paper-like loose leaf 
Bitch, I'm 'bout my chicken like it's a two-piece 
You can have your bitch back, she a groupie 
She just swallowed all my kids in the two-seat 
Swagged out 
For Milly, we bringing them gats out 
I still got some racks stuffed in the trap house 
Off the 42, I'm blowing her back out 
I'm back on my bullshit 
Swing back with a full clip 
They say I'm moving ruthless 
And my shooters, they shooting 
I don't shake 'til they roof criss 


#CJ #Whoopty","CJ - WHOOPTY (Official Video)"
"1606147721-1655","https://www.youtube.com/results?search_query=nafta+%2B+food","vẽ chim 2","https://www.youtube.com/watch?v=K1U1T-FYH7g&list=PLNAdfSuktCxzV9cNeZmkNrnbQFJvn73hT","","vẽ chim 2"
"1606147572-1602","https://www.youtube.com/results?search_query=nafta+%2B+food","Yellow Days - Love Is Everywhere | A COLORS SHOW","https://www.youtube.com/watch?v=bEIX8UTPtEY&list=PLUfntSYT7kPEOfmhAw7NG-rRRRv4HQU8W","George van den Broek aka @Yellow Days returns to the COLORS stage with a stripped-back performance of 'Love Is Everywhere' a highlight from his newly released album ‘A Day In A Yellow Beat’.

Follow
▶ Stream: https://colors.lnk.to/allshowscxs
▶ Facebook: https://www.facebook.com/Yellow-Days-...
▶ Instagram: https://www.instagram.com/yellowdayss/
—
Follow COLORS:
▶ On Socials: https://lnk.to/socials
▶ On Spotify: https://colors.lnk.to/Spotify
▶ On Apple Music: https://colors.lnk.to/applemusic
▶ On the Web: https://colorsxstudios.com

COLORSXSTUDIOS is a unique aesthetic music platform showcasing exceptional talent from around the globe. COLORS focuses on the most distinctive new artists and original sounds in an increasingly fragmented and saturated scene. All COLORS shows seek to provide clear, minimalistic stage that shines a spotlight on the artists, giving them the opportunity to present their music without distraction.

#colors #yellowdays #loveiseverywhere","Yellow Days - Love Is Everywhere | A COLORS SHOW"
"1606147729-1658","https://www.youtube.com/results?search_query=nafta+%2B+food","Kathleen Coleman","https://www.youtube.com/channel/UC_trWRX-sPj4lLLy5ZFRbvw","",""
"1606147689-1642","https://www.youtube.com/results?search_query=nafta+%2B+food","1:23
Now playing","https://www.youtube.com/watch?v=2XptbHyZldg","Click here for more info - https://geni.us/customketo

Free resources https://smoothiewannabe.com/

Keto Diet Results Before And After

 Everybody  intends to lose weight to look slim  as well as  lovely. To  understand this  desire for  lots of people, the Keto diet program is playing a  essential role. A huge amount of people are  utilizing Keto programs to  drop weight  and also  obtain a healthier body.


 As a result of the  raising demand for the Keto diet, this article was  intended to share some of the  information  regarding the Keto diet. The  objective to do is to educate the people who  do not know about the Keto program  however  wish to lose pounds.


If you  likewise are not  familiar with what Keto diet program is,  yet you  intend to use it for weight loss, this  article is  committed to you.  Review it till the end  as well as  obtain  gained from the  items of  info we shared  right here!

Before getting in-depth, it's better to  understand what Keto program is. The Keto diet is what you are  searching for if you  intend to have a high-protein, low-carbohydrate Atkins diet.


Keto diet  has a diet plan in which the food meals  include 75% fats, 20% proteins, and 5% carbohydrates.


Keto diet  provides you diet  strategies that will not only  assist you  shed your excess weight but  likewise maintain your health  and also  maintains you from  coming to be too skinny.

Keto Diet Results Before And After","Keto Diet Results Before And After - Easy To  Comply With Diet"
"1606147723-1656","https://www.youtube.com/results?search_query=nafta+%2B+food","75 coaoaisidei","https://www.youtube.com/channel/UC5EDvDw-D5hbEW5fIjt3qJA","",""
"1606147704-1648","https://www.youtube.com/results?search_query=nafta+%2B+food","Carol Willis","https://www.youtube.com/channel/UCc_YX9_v45PoEdpiqaeh8Zw","",""
"1606147649-1626","https://www.youtube.com/results?search_query=nafta+%2B+food","vẽ chim bồ câu","https://www.youtube.com/watch?v=jx1HwmEsh48&list=PLn5GpRE0oygR_7wwCy2FLNTR5N-mF-ASx","","vẽ chim bồ câu"
"1606147605-1611","https://www.youtube.com/results?search_query=nafta+%2B+food","Cannibal Teddy","https://www.youtube.com/channel/UCVZQ1ODBlJ8I8Amg0wui6qQ","",""
"1606147583-1605","https://www.youtube.com/results?search_query=nafta+%2B+food","View full playlist","https://www.youtube.com/playlist?list=PLl5plWGqSR-lfgHWEMRtgPTdllLKdldrm","",""
"1606147603-1610","https://www.youtube.com/results?search_query=nafta+%2B+food","Fatherless","https://www.youtube.com/watch?v=E8f698QamMo&list=PLhMmcGNCf2SMH3O8G6L-XkEWKGbqfej6B","Hmong American writer Shoua Lee performs a poem at the Camden Coffee House in Minneapolis, Minnesota in 2006.","Fatherless"
